model,regime,n_features,n_train,seed,rmse,r2,fit_predict_seconds,error,signal_regime
nori,fixed_n,10,2000,0,1.0263518461449863,0.9569199199929616,15.122040033340454,,fixed
nori,fixed_n,10,2000,1,1.0956940147105103,0.9464311982793756,14.712170839309692,,fixed
nori,fixed_n,10,2000,2,1.0379398170132617,0.947590247999196,14.8749680519104,,fixed
nori,fixed_n,10,2000,3,1.049996417247643,0.9509850810514212,14.495808839797974,,fixed
nori,fixed_n,10,2000,4,1.1301873517597372,0.9449597572420207,14.833500862121582,,fixed
nori,fixed_n,20,2000,0,1.0439662831655043,0.9554285348313152,22.830121994018555,,fixed
nori,fixed_n,20,2000,1,1.0815380005054138,0.9478064400496544,30.65070104598999,,fixed
nori,fixed_n,20,2000,2,1.0637531727540808,0.9449509920943644,22.3688862323761,,fixed
nori,fixed_n,20,2000,3,1.0142377924055137,0.9542667323693906,20.712846040725708,,fixed
nori,fixed_n,20,2000,4,1.098364445889394,0.9480156775340072,20.666797161102295,,fixed
nori,fixed_n,50,2000,0,1.0504466196233149,0.9548734698546916,48.01834225654602,,fixed
nori,fixed_n,50,2000,1,1.0799125121539117,0.9479632098883224,50.66968607902527,,fixed
nori,fixed_n,50,2000,2,1.0765166732426663,0.9436220498964076,44.941689014434814,,fixed
nori,fixed_n,50,2000,3,1.032479496457494,0.952606855327573,38.46319222450256,,fixed
nori,fixed_n,50,2000,4,1.1352173702189066,0.9444687421560644,38.49622583389282,,fixed
nori,fixed_n,100,2000,0,1.0585321797834133,0.9541760949865322,73.06241989135742,,fixed
nori,fixed_n,100,2000,1,1.123775472637291,0.9436501906285673,74.03805303573608,,fixed
nori,fixed_n,100,2000,2,1.078165521358337,0.9434492149199636,79.28522682189941,,fixed
nori,fixed_n,100,2000,3,1.0613022942077135,0.9499238582030156,83.22516083717346,,fixed
nori,fixed_n,100,2000,4,1.1496000805904671,0.9430527146239192,68.99473094940186,,fixed
nori,fixed_n,200,2000,0,1.060559112394847,0.954000434960606,138.25893306732178,,fixed
nori,fixed_n,200,2000,1,1.1404549698573567,0.941965046957471,153.63754796981812,,fixed
nori,fixed_n,200,2000,2,1.1205437380924324,0.9389162929538456,191.37860202789307,,fixed
nori,fixed_n,200,2000,3,1.058713608811522,0.9501678476523604,179.24273014068604,,fixed
nori,fixed_n,200,2000,4,1.1773759728544666,0.9402676236334688,160.95675611495972,,fixed
nori,fixed_n,500,2000,0,1.2572083263698572,0.935360429393917,448.3348889350891,,fixed
nori,fixed_n,500,2000,1,1.2954737138881007,0.9251157363459864,408.4083640575409,,fixed
nori,fixed_n,500,2000,2,1.246851126579135,0.9243695013671578,481.1095130443573,,fixed
nori,fixed_n,500,2000,3,1.2483115569755117,0.9307214743026349,400.426805973053,,fixed
nori,fixed_n,500,2000,4,1.33666037028654,0.9230122549145718,427.0208411216736,,fixed
nori,fixed_n,1000,2000,0,1.298417841610396,0.9310533904591438,414.6713581085205,,fixed
nori,fixed_n,1000,2000,1,1.3447067806895423,0.9193157915382928,408.2952530384064,,fixed
nori,fixed_n,1000,2000,2,1.1701909983483387,0.9333835837002804,388.6829011440277,,fixed
nori,fixed_n,1000,2000,3,1.172570046762564,0.9388733991070844,392.2870879173279,,fixed
nori,fixed_n,1000,2000,4,1.2864545137528178,0.928687062594338,369.2192449569702,,fixed
nori,fixed_n,2000,2000,0,1.297214955270756,0.9311810789668632,396.84944796562195,,fixed
nori,fixed_n,2000,2000,1,1.2669680097413136,0.9283749972247348,379.8000280857086,,fixed
nori,fixed_n,2000,2000,2,1.2078081560452645,0.9290318187173412,387.8597252368927,,fixed
nori,fixed_n,2000,2000,3,1.1914052386742662,0.9368938529353948,391.5211639404297,,fixed
nori,fixed_n,2000,2000,4,1.334658948056198,0.9232426344931596,390.2555229663849,,fixed
nori,fixed_n,5000,2000,0,1.222725011373421,0.9388577301494696,400.7581000328064,,fixed
nori,fixed_n,5000,2000,1,1.2616827635702246,0.9289713282808516,393.4656910896301,,fixed
nori,fixed_n,5000,2000,2,1.221254567046231,0.9274428590609124,425.5221588611603,,fixed
nori,fixed_n,5000,2000,3,1.1877502126870916,0.9372804565790576,401.7590470314026,,fixed
nori,fixed_n,5000,2000,4,1.264636328996576,0.9310854757309291,394.880245923996,,fixed
nori,fixed_n,10000,2000,0,1.2792329480705475,0.9330757922422952,418.95104002952576,,fixed
nori,fixed_n,10000,2000,1,1.257528082573676,0.9294383483610996,432.024071931839,,fixed
nori,fixed_n,10000,2000,2,1.2396778791151857,0.9252372163626822,482.5010468959808,,fixed
nori,fixed_n,10000,2000,3,1.1566656518848746,0.9405203598295035,428.05562019348145,,fixed
nori,fixed_n,10000,2000,4,1.2751019453490493,0.9299401388921814,451.041335105896,,fixed
nori,scaling_n,10,200,0,1.999725208209896,0.8236623722127485,3.827172756195069,,fixed
nori,scaling_n,10,200,1,1.6457007934680132,0.8891109287194272,3.7933199405670166,,fixed
nori,scaling_n,10,200,2,1.8443106330151255,0.838890912823704,3.622917890548706,,fixed
nori,scaling_n,10,200,3,1.896201736303811,0.8392749306751608,3.6441709995269775,,fixed
nori,scaling_n,10,200,4,1.3510962535050866,0.921979041862279,3.644676923751831,,fixed
nori,scaling_n,20,200,0,1.9904950073640133,0.8252864707203489,4.962260961532593,,fixed
nori,scaling_n,20,200,1,1.6170333663192622,0.8929405638333676,5.011567831039429,,fixed
nori,scaling_n,20,200,2,1.948733015688894,0.8201308911509527,5.016165256500244,,fixed
nori,scaling_n,20,200,3,1.9082066047909896,0.8372333851264885,5.021896839141846,,fixed
nori,scaling_n,20,200,4,1.2699528689014066,0.931069106660105,4.973021984100342,,fixed
nori,scaling_n,50,200,0,2.2102156872015017,0.7845861287681868,8.239863157272339,,fixed
nori,scaling_n,50,200,1,1.7094685004097792,0.8803509666057214,8.133793115615845,,fixed
nori,scaling_n,50,200,2,2.00322873878376,0.8099302598747596,8.175352811813354,,fixed
nori,scaling_n,50,200,3,1.982875389919739,0.8242459315004574,8.153139114379883,,fixed
nori,scaling_n,50,200,4,1.3849533364384918,0.9180197984586306,8.116612911224365,,fixed
nori,scaling_n,100,400,0,1.5591228562259878,0.8892334510113824,18.912723064422607,,fixed
nori,scaling_n,100,400,1,1.397964979505755,0.9280799154266064,18.685950994491577,,fixed
nori,scaling_n,100,400,2,1.7359887104678675,0.8741164724299736,18.61021518707275,,fixed
nori,scaling_n,100,400,3,1.5493152159659505,0.8973262312892274,18.680758714675903,,fixed
nori,scaling_n,100,400,4,1.3310968976554034,0.9285982768303104,18.59396195411682,,fixed
nori,scaling_n,200,800,0,1.3869407286939306,0.9140266286982608,54.6211941242218,,fixed
nori,scaling_n,200,800,1,1.226501130958394,0.9408195773439596,53.89822602272034,,fixed
nori,scaling_n,200,800,2,1.3832262459896478,0.9240388981735758,53.704373836517334,,fixed
nori,scaling_n,200,800,3,1.2017827984322609,0.9361181207569894,53.572510957717896,,fixed
nori,scaling_n,200,800,4,1.333194956459174,0.9311685182817692,53.72780108451843,,fixed
nori,scaling_n,500,2000,0,1.2572083263698572,0.935360429393917,362.7636947631836,,fixed
nori,scaling_n,500,2000,1,1.2954737138881007,0.9251157363459864,364.07497692108154,,fixed
nori,scaling_n,500,2000,2,1.246851126579135,0.9243695013671578,379.75770688056946,,fixed
nori,scaling_n,500,2000,3,1.2483115569755117,0.9307214743026349,384.5679178237915,,fixed
nori,scaling_n,500,2000,4,1.33666037028654,0.9230122549145718,376.05567693710327,,fixed
nori,scaling_n,1000,2000,0,1.298417841610396,0.9310533904591438,384.8877799510956,,fixed
nori,scaling_n,1000,2000,1,1.3447067806895423,0.9193157915382928,378.3418231010437,,fixed
nori,scaling_n,1000,2000,2,1.1701909983483387,0.9333835837002804,374.16416668891907,,fixed
nori,scaling_n,1000,2000,3,1.172570046762564,0.9388733991070844,368.83073902130127,,fixed
nori,scaling_n,1000,2000,4,1.2864545137528178,0.928687062594338,363.8386189937592,,fixed
nori,scaling_n,2000,2000,0,1.297214955270756,0.9311810789668632,391.7554409503937,,fixed
nori,scaling_n,2000,2000,1,1.2669680097413136,0.9283749972247348,451.9948921203613,,fixed
nori,scaling_n,2000,2000,2,1.2078081560452645,0.9290318187173412,430.3191096782684,,fixed
nori,scaling_n,2000,2000,3,1.1914052386742662,0.9368938529353948,413.4242208003998,,fixed
nori,scaling_n,2000,2000,4,1.334658948056198,0.9232426344931596,473.132289648056,,fixed
nori,scaling_n,5000,2000,0,1.222725011373421,0.9388577301494696,394.921550989151,,fixed
nori,scaling_n,5000,2000,1,1.2616827635702246,0.9289713282808516,406.1825661659241,,fixed
nori,scaling_n,5000,2000,2,1.221254567046231,0.9274428590609124,405.01570200920105,,fixed
nori,scaling_n,5000,2000,3,1.1877502126870916,0.9372804565790576,410.9131281375885,,fixed
nori,scaling_n,5000,2000,4,1.264636328996576,0.9310854757309291,399.24847507476807,,fixed
nori,scaling_n,10000,2000,0,1.2792329480705475,0.9330757922422952,440.3915057182312,,fixed
nori,scaling_n,10000,2000,1,1.257528082573676,0.9294383483610996,433.6278660297394,,fixed
nori,scaling_n,10000,2000,2,1.2396778791151857,0.9252372163626822,462.24878907203674,,fixed
nori,scaling_n,10000,2000,3,1.1566656518848746,0.9405203598295035,460.3354868888855,,fixed
nori,scaling_n,10000,2000,4,1.2751019453490493,0.9299401388921814,449.7845370769501,,fixed
random_forest,fixed_n,10,2000,0,2.356888786598435,0.7728241582923712,0.2495830059051513,,fixed
random_forest,fixed_n,10,2000,1,2.118819904416027,0.7996813238804824,0.2785458564758301,,fixed
random_forest,fixed_n,10,2000,2,2.06198005275315,0.7931589760616825,0.2731311321258545,,fixed
random_forest,fixed_n,10,2000,3,2.3525966143662567,0.7539362774976288,0.2535209655761719,,fixed
random_forest,fixed_n,10,2000,4,2.3807073371633427,0.7557742363838322,0.27406907081604,,fixed
random_forest,fixed_n,20,2000,0,2.5720190923887176,0.7294594667715424,0.254936933517456,,fixed
random_forest,fixed_n,20,2000,1,2.405182456530681,0.7418753928569168,0.2476949691772461,,fixed
random_forest,fixed_n,20,2000,2,2.272116498038337,0.7488524476291694,0.2575201988220215,,fixed
random_forest,fixed_n,20,2000,3,2.509335744444497,0.7200566209577013,0.267855167388916,,fixed
random_forest,fixed_n,20,2000,4,2.6866518502578187,0.6889700293214711,0.2595620155334472,,fixed
random_forest,fixed_n,50,2000,0,2.6086549751019397,0.7216974085526859,0.3280160427093506,,fixed
random_forest,fixed_n,50,2000,1,2.633810037980218,0.6904703545873824,0.3171639442443847,,fixed
random_forest,fixed_n,50,2000,2,2.3559335251059363,0.7299813110961679,0.3151969909667969,,fixed
random_forest,fixed_n,50,2000,3,2.485016597600145,0.7254564519513049,0.4156141281127929,,fixed
random_forest,fixed_n,50,2000,4,2.726744705706533,0.6796177754844355,0.3956360816955566,,fixed
random_forest,fixed_n,100,2000,0,2.6896903945613113,0.7041384354279652,0.4651920795440674,,fixed
random_forest,fixed_n,100,2000,1,2.3482036569542326,0.7539604787539995,0.3964471817016601,,fixed
random_forest,fixed_n,100,2000,2,2.347460161529394,0.7319201196768554,0.405627965927124,,fixed
random_forest,fixed_n,100,2000,3,2.5525549717125293,0.7103304384007672,0.4271469116210937,,fixed
random_forest,fixed_n,100,2000,4,2.576309649359069,0.7139937158243184,0.4212398529052734,,fixed
random_forest,fixed_n,200,2000,0,2.6412412332853568,0.7147010964161569,0.4982233047485351,,fixed
random_forest,fixed_n,200,2000,1,2.3443052412259324,0.754776735171073,0.5189828872680664,,fixed
random_forest,fixed_n,200,2000,2,2.3436516717488267,0.7327892728911939,0.4939489364624023,,fixed
random_forest,fixed_n,200,2000,3,2.573287347037285,0.7056058175840538,0.5034739971160889,,fixed
random_forest,fixed_n,200,2000,4,2.5119242603495544,0.7281104373373894,0.5367822647094727,,fixed
random_forest,fixed_n,500,2000,0,2.5785683927134313,0.7280799225079447,0.7695960998535156,,fixed
random_forest,fixed_n,500,2000,1,2.2400837406132417,0.776095995619311,0.941236972808838,,fixed
random_forest,fixed_n,500,2000,2,2.305901725677329,0.7413280432713711,0.7281458377838135,,fixed
random_forest,fixed_n,500,2000,3,2.4907886230670235,0.7241795890631012,0.7259278297424316,,fixed
random_forest,fixed_n,500,2000,4,2.450041782753409,0.7413416892002341,0.8688309192657471,,fixed
random_forest,fixed_n,1000,2000,0,2.508718493315503,0.7426122768877956,1.0569238662719729,,fixed
random_forest,fixed_n,1000,2000,1,2.1686591089560823,0.7901466364033616,1.0113751888275146,,fixed
random_forest,fixed_n,1000,2000,2,2.248013145215367,0.7541526946277337,0.9915540218353271,,fixed
random_forest,fixed_n,1000,2000,3,2.4465499606034045,0.733890222327976,1.022347927093506,,fixed
random_forest,fixed_n,1000,2000,4,2.4139429038889735,0.7489076723267252,0.9989140033721924,,fixed
random_forest,fixed_n,2000,2000,0,2.4699694314151976,0.7505019691336191,1.4442360401153564,,fixed
random_forest,fixed_n,2000,2000,1,2.124655266348107,0.7985764242802915,1.4487478733062744,,fixed
random_forest,fixed_n,2000,2000,2,2.202416445118784,0.7640246482729713,1.7412948608398438,,fixed
random_forest,fixed_n,2000,2000,3,2.423765486523522,0.7388236498697003,1.3617918491363523,,fixed
random_forest,fixed_n,2000,2000,4,2.3735023325379108,0.7572502557317699,1.5396931171417236,,fixed
random_forest,fixed_n,5000,2000,0,2.4620561426478895,0.7520980919265242,2.5195789337158203,,fixed
random_forest,fixed_n,5000,2000,1,2.087139212446192,0.8056268878885254,2.6079227924346924,,fixed
random_forest,fixed_n,5000,2000,2,2.192585087221763,0.7661266849853665,2.6288161277770996,,fixed
random_forest,fixed_n,5000,2000,3,2.404123175978183,0.7430396680361022,2.199625253677368,,fixed
random_forest,fixed_n,5000,2000,4,2.338454789742241,0.7643662953919383,2.369140863418579,,fixed
random_forest,fixed_n,10000,2000,0,2.4150754494771056,0.7614687018456566,3.699821949005127,,fixed
random_forest,fixed_n,10000,2000,1,2.0960715313717415,0.8039596125805126,3.354893684387207,,fixed
random_forest,fixed_n,10000,2000,2,2.151846692038587,0.7747367148586807,3.2975330352783203,,fixed
random_forest,fixed_n,10000,2000,3,2.387716990805925,0.7465347920264385,3.2946290969848633,,fixed
random_forest,fixed_n,10000,2000,4,2.3063461161906114,0.7707927126944052,3.2573821544647217,,fixed
random_forest,scaling_n,10,200,0,3.338626699806142,0.5084812654011253,0.160989761352539,,fixed
random_forest,scaling_n,10,200,1,3.4445019794293814,0.5142197361376477,0.1700921058654785,,fixed
random_forest,scaling_n,10,200,2,3.15832439668743,0.5275396504624315,0.1664478778839111,,fixed
random_forest,scaling_n,10,200,3,3.3769314198107305,0.4902478998784786,0.1622600555419922,,fixed
random_forest,scaling_n,10,200,4,3.2484857248432353,0.5489749895787082,0.171598196029663,,fixed
random_forest,scaling_n,20,200,0,3.445619150039964,0.4764732267677932,0.1748597621917724,,fixed
random_forest,scaling_n,20,200,1,3.623252773570757,0.4624928375058648,0.1731209754943847,,fixed
random_forest,scaling_n,20,200,2,3.2590501970736767,0.4969235401203292,0.1716120243072509,,fixed
random_forest,scaling_n,20,200,3,3.535805044700541,0.4411552644290213,0.1697587966918945,,fixed
random_forest,scaling_n,20,200,4,3.2706889169331888,0.5427884651573294,0.1858930587768554,,fixed
random_forest,scaling_n,50,200,0,3.5261897516926477,0.4517032024622914,0.1791379451751709,,fixed
random_forest,scaling_n,50,200,1,3.620623431948406,0.4632726766399284,0.1621508598327636,,fixed
random_forest,scaling_n,50,200,2,3.301556802254686,0.4837150753896497,0.1610538959503173,,fixed
random_forest,scaling_n,50,200,3,3.498925242046116,0.4527523959253542,0.165593147277832,,fixed
random_forest,scaling_n,50,200,4,3.493141823294135,0.4784797970082889,0.1630809307098388,,fixed
random_forest,scaling_n,100,400,0,3.1531015016055437,0.5469732449877085,0.1763110160827636,,fixed
random_forest,scaling_n,100,400,1,3.5384447385205524,0.5392318618423508,0.182474136352539,,fixed
random_forest,scaling_n,100,400,2,3.2554257745105946,0.5573191790768435,0.1860008239746093,,fixed
random_forest,scaling_n,100,400,3,3.113322158158925,0.5854011851050138,0.1818709373474121,,fixed
random_forest,scaling_n,100,400,4,3.1073612579885053,0.6108895952667976,0.1831212043762207,,fixed
random_forest,scaling_n,200,800,0,2.875962152626414,0.6303297624227041,0.2492249011993408,,fixed
random_forest,scaling_n,200,800,1,2.924798565062438,0.663462024023239,0.2372610569000244,,fixed
random_forest,scaling_n,200,800,2,2.8773653086726396,0.6713036963532208,0.2348830699920654,,fixed
random_forest,scaling_n,200,800,3,2.7381830734027597,0.668372391231289,0.2477939128875732,,fixed
random_forest,scaling_n,200,800,4,2.927886176083617,0.6680228647940454,0.2382128238677978,,fixed
random_forest,scaling_n,500,2000,0,2.5785683927134313,0.7280799225079446,0.7097861766815186,,fixed
random_forest,scaling_n,500,2000,1,2.2400837406132417,0.776095995619311,0.7828919887542725,,fixed
random_forest,scaling_n,500,2000,2,2.305901725677329,0.7413280432713711,0.7383527755737305,,fixed
random_forest,scaling_n,500,2000,3,2.4907886230670235,0.7241795890631012,0.7254519462585449,,fixed
random_forest,scaling_n,500,2000,4,2.450041782753409,0.7413416892002341,0.7162868976593018,,fixed
random_forest,scaling_n,1000,2000,0,2.508718493315503,0.7426122768877956,0.9733622074127196,,fixed
random_forest,scaling_n,1000,2000,1,2.1686591089560823,0.7901466364033616,0.9869911670684814,,fixed
random_forest,scaling_n,1000,2000,2,2.248013145215367,0.7541526946277337,0.9677879810333252,,fixed
random_forest,scaling_n,1000,2000,3,2.446549960603405,0.733890222327976,0.9442400932312012,,fixed
random_forest,scaling_n,1000,2000,4,2.4139429038889735,0.7489076723267252,0.9839329719543456,,fixed
random_forest,scaling_n,2000,2000,0,2.4699694314151976,0.7505019691336191,1.369473934173584,,fixed
random_forest,scaling_n,2000,2000,1,2.124655266348107,0.7985764242802915,1.4156742095947266,,fixed
random_forest,scaling_n,2000,2000,2,2.202416445118784,0.7640246482729713,1.414815902709961,,fixed
random_forest,scaling_n,2000,2000,3,2.423765486523522,0.7388236498697003,1.340348243713379,,fixed
random_forest,scaling_n,2000,2000,4,2.3735023325379108,0.7572502557317699,1.3895070552825928,,fixed
random_forest,scaling_n,5000,2000,0,2.462056142647889,0.7520980919265243,2.2474119663238525,,fixed
random_forest,scaling_n,5000,2000,1,2.087139212446192,0.8056268878885254,2.271705865859986,,fixed
random_forest,scaling_n,5000,2000,2,2.192585087221763,0.7661266849853665,2.24707293510437,,fixed
random_forest,scaling_n,5000,2000,3,2.404123175978183,0.7430396680361022,2.228545665740967,,fixed
random_forest,scaling_n,5000,2000,4,2.3384547897422405,0.7643662953919383,2.278538227081299,,fixed
random_forest,scaling_n,10000,2000,0,2.4150754494771056,0.7614687018456566,3.315103054046631,,fixed
random_forest,scaling_n,10000,2000,1,2.0960715313717415,0.8039596125805126,3.438591957092285,,fixed
random_forest,scaling_n,10000,2000,2,2.1518466920385864,0.7747367148586808,3.2555689811706543,,fixed
random_forest,scaling_n,10000,2000,3,2.387716990805925,0.7465347920264385,3.208326816558838,,fixed
random_forest,scaling_n,10000,2000,4,2.3063461161906114,0.7707927126944052,3.282788038253784,,fixed
ridge,fixed_n,10,2000,0,4.124562883530196,0.3042714522268275,0.0044958591461181,,fixed
ridge,fixed_n,10,2000,1,4.126378813607152,0.2402485404058181,0.0015089511871337,,fixed
ridge,fixed_n,10,2000,2,3.0556126602321614,0.5457819785572777,0.0014729499816894,,fixed
ridge,fixed_n,10,2000,3,3.1957364129369648,0.5459595382002551,0.0014588832855224,,fixed
ridge,fixed_n,10,2000,4,4.104206597315494,0.2741650376851419,0.0014488697052001,,fixed
ridge,fixed_n,20,2000,0,3.187194879659476,0.5845667974493676,0.0019669532775878,,fixed
ridge,fixed_n,20,2000,1,4.133557414818236,0.2376027838838509,0.0019431114196777,,fixed
ridge,fixed_n,20,2000,2,3.0226331480604753,0.5555339011703848,0.0019600391387939,,fixed
ridge,fixed_n,20,2000,3,3.209145243647251,0.5421413733798379,0.0019690990447998,,fixed
ridge,fixed_n,20,2000,4,4.096235421348863,0.2769817280882319,0.0020227432250976,,fixed
ridge,fixed_n,50,2000,0,2.905507837409304,0.6547544670735701,0.0037150382995605,,fixed
ridge,fixed_n,50,2000,1,4.082846953239865,0.256194210708306,0.0036017894744873,,fixed
ridge,fixed_n,50,2000,2,2.9160240567399014,0.5863338687032358,0.003633975982666,,fixed
ridge,fixed_n,50,2000,3,3.064259133814217,0.582550800069894,0.0036389827728271,,fixed
ridge,fixed_n,50,2000,4,4.056736849459207,0.2908581282117261,0.0035891532897949,,fixed
ridge,fixed_n,100,2000,0,2.89507463511431,0.6572294556554896,0.0075459480285644,,fixed
ridge,fixed_n,100,2000,1,3.028374209736064,0.5907841646925456,0.0073111057281494,,fixed
ridge,fixed_n,100,2000,2,2.9189247049130107,0.5855104895601657,0.007408857345581,,fixed
ridge,fixed_n,100,2000,3,2.938295064168188,0.616165979044055,0.0072150230407714,,fixed
ridge,fixed_n,100,2000,4,2.914081004411196,0.6340829085388024,0.0072259902954101,,fixed
ridge,fixed_n,200,2000,0,2.4845674985434916,0.7475440765954456,0.0176398754119873,,fixed
ridge,fixed_n,200,2000,1,2.7383125312527343,0.6654204591013888,0.0173666477203369,,fixed
ridge,fixed_n,200,2000,2,2.8503491516661903,0.6047572763034799,0.0172369480133056,,fixed
ridge,fixed_n,200,2000,3,2.7915209578607825,0.6535548866563161,0.0171649456024169,,fixed
ridge,fixed_n,200,2000,4,2.5303890620806597,0.7240985019255403,0.0175988674163818,,fixed
ridge,fixed_n,500,2000,0,2.2932640258111268,0.7849239349175323,0.0802962779998779,,fixed
ridge,fixed_n,500,2000,1,2.3294191252089513,0.7578811364150824,0.07967209815979,,fixed
ridge,fixed_n,500,2000,2,2.367192490199021,0.727394315048288,0.0791401863098144,,fixed
ridge,fixed_n,500,2000,3,2.434661092655866,0.7364702284931144,0.0782909393310546,,fixed
ridge,fixed_n,500,2000,4,2.2449930989915123,0.782825177099,0.0780270099639892,,fixed
ridge,fixed_n,1000,2000,0,2.1311968509059014,0.8142490271314369,0.2997081279754638,,fixed
ridge,fixed_n,1000,2000,1,2.0598419188790063,0.8106779766796176,0.300419807434082,,fixed
ridge,fixed_n,1000,2000,2,2.163408559845023,0.7723095333825913,0.298595666885376,,fixed
ridge,fixed_n,1000,2000,3,2.319909487678549,0.7607264260843467,0.3031260967254638,,fixed
ridge,fixed_n,1000,2000,4,2.1413404042664843,0.8024164070242197,0.2985589504241943,,fixed
ridge,fixed_n,2000,2000,0,2.086752238671747,0.8219156556532927,0.86757493019104,,fixed
ridge,fixed_n,2000,2000,1,2.0742149276248485,0.808026685132343,0.8672571182250977,,fixed
ridge,fixed_n,2000,2000,2,1.9999117276421208,0.8054239360120083,0.8629329204559326,,fixed
ridge,fixed_n,2000,2000,3,2.261139556962586,0.7726958369376953,0.8848590850830078,,fixed
ridge,fixed_n,2000,2000,4,2.030319750327428,0.8223732645904219,0.8658740520477295,,fixed
ridge,fixed_n,5000,2000,0,1.9771847865312835,0.8401257626585015,0.9207139015197754,,fixed
ridge,fixed_n,5000,2000,1,2.0063550067100016,0.8203823900466175,0.9222111701965332,,fixed
ridge,fixed_n,5000,2000,2,1.9383945696168283,0.8172101280565827,0.9343152046203612,,fixed
ridge,fixed_n,5000,2000,3,2.1895781898669404,0.786855774436485,0.920095920562744,,fixed
ridge,fixed_n,5000,2000,4,2.000544856107058,0.8275448999172307,0.9157490730285645,,fixed
ridge,fixed_n,10000,2000,0,1.9264173813741916,0.8482304167198975,1.0094351768493652,,fixed
ridge,fixed_n,10000,2000,1,1.9526462540816325,0.8298701581075746,1.0146939754486084,,fixed
ridge,fixed_n,10000,2000,2,1.8757348052033072,0.8288367068064807,1.014657735824585,,fixed
ridge,fixed_n,10000,2000,3,2.125810187365196,0.7990899682175093,1.008908987045288,,fixed
ridge,fixed_n,10000,2000,4,1.909012994960108,0.842964723051398,1.0084559917449951,,fixed
ridge,scaling_n,10,200,0,4.132938489687756,0.2467793204412826,0.0008289813995361,,fixed
ridge,scaling_n,10,200,1,3.815735882781647,0.4038663991620779,0.0007276535034179,,fixed
ridge,scaling_n,10,200,2,4.118782481662755,0.1964930999402816,0.0007250308990478,,fixed
ridge,scaling_n,10,200,3,4.2176587885109145,0.2048346882979966,0.0007257461547851,,fixed
ridge,scaling_n,10,200,4,4.196026481708967,0.2474850353958388,0.0007259845733642,,fixed
ridge,scaling_n,20,200,0,3.344686824905866,0.5066952805288895,0.0008177757263183,,fixed
ridge,scaling_n,20,200,1,3.8445540891921,0.3948278412190843,0.0007967948913574,,fixed
ridge,scaling_n,20,200,2,4.074454113684554,0.2136955036372647,0.0008022785186767,,fixed
ridge,scaling_n,20,200,3,4.343074116923165,0.1568418860176593,0.0008037090301513,,fixed
ridge,scaling_n,20,200,4,3.276514023765589,0.5411584246483055,0.0008049011230468,,fixed
ridge,scaling_n,50,200,0,3.229248960797988,0.5401592990307538,0.0012390613555908,,fixed
ridge,scaling_n,50,200,1,3.579887235443822,0.47528233807003,0.0012719631195068,,fixed
ridge,scaling_n,50,200,2,3.988088836153663,0.2466764498238773,0.0012159347534179,,fixed
ridge,scaling_n,50,200,3,3.612764354507395,0.4165632081626526,0.001223087310791,,fixed
ridge,scaling_n,50,200,4,3.18726647826637,0.5658143655854775,0.0012099742889404,,fixed
ridge,scaling_n,100,400,0,3.3385880232617433,0.4921053818361098,0.0028872489929199,,fixed
ridge,scaling_n,100,400,1,4.260611082260108,0.3319616560435682,0.0027720928192138,,fixed
ridge,scaling_n,100,400,2,4.165248657281602,0.2753021423303252,0.0027709007263183,,fixed
ridge,scaling_n,100,400,3,3.4128459430950895,0.5017890136731062,0.0027720928192138,,fixed
ridge,scaling_n,100,400,4,3.0008750012387706,0.6371015094811585,0.0027592182159423,,fixed
ridge,scaling_n,200,800,0,2.785511567357382,0.6532167709122654,0.0100700855255126,,fixed
ridge,scaling_n,200,800,1,2.9628915198442085,0.6546387095294246,0.009596824645996,,fixed
ridge,scaling_n,200,800,2,2.665196418199915,0.717990813488079,0.0094978809356689,,fixed
ridge,scaling_n,200,800,3,2.66614921478516,0.6855912530017639,0.0096230506896972,,fixed
ridge,scaling_n,200,800,4,2.9046039922359896,0.6732815542412554,0.009490966796875,,fixed
ridge,scaling_n,500,2000,0,2.2932640258111268,0.7849239349175323,0.0777549743652343,,fixed
ridge,scaling_n,500,2000,1,2.3294191252089513,0.7578811364150824,0.0778949260711669,,fixed
ridge,scaling_n,500,2000,2,2.367192490199021,0.727394315048288,0.0780010223388671,,fixed
ridge,scaling_n,500,2000,3,2.434661092655866,0.7364702284931144,0.0780630111694336,,fixed
ridge,scaling_n,500,2000,4,2.2449930989915123,0.782825177099,0.0779139995574951,,fixed
ridge,scaling_n,1000,2000,0,2.1311968509059014,0.8142490271314369,0.2988770008087158,,fixed
ridge,scaling_n,1000,2000,1,2.0598419188790063,0.8106779766796176,0.298030138015747,,fixed
ridge,scaling_n,1000,2000,2,2.163408559845023,0.7723095333825913,0.2975947856903076,,fixed
ridge,scaling_n,1000,2000,3,2.319909487678549,0.7607264260843467,0.2978699207305908,,fixed
ridge,scaling_n,1000,2000,4,2.1413404042664843,0.8024164070242197,0.2977919578552246,,fixed
ridge,scaling_n,2000,2000,0,2.086752238671747,0.8219156556532927,0.8660547733306885,,fixed
ridge,scaling_n,2000,2000,1,2.0742149276248485,0.808026685132343,0.8629398345947266,,fixed
ridge,scaling_n,2000,2000,2,1.9999117276421208,0.8054239360120083,0.8656508922576904,,fixed
ridge,scaling_n,2000,2000,3,2.261139556962586,0.7726958369376953,0.8615529537200928,,fixed
ridge,scaling_n,2000,2000,4,2.030319750327428,0.8223732645904219,0.8664760589599609,,fixed
ridge,scaling_n,5000,2000,0,1.9771847865312835,0.8401257626585015,0.9224898815155028,,fixed
ridge,scaling_n,5000,2000,1,2.0063550067100016,0.8203823900466175,0.9235918521881104,,fixed
ridge,scaling_n,5000,2000,2,1.9383945696168283,0.8172101280565827,0.918483018875122,,fixed
ridge,scaling_n,5000,2000,3,2.1895781898669404,0.786855774436485,0.9225709438323976,,fixed
ridge,scaling_n,5000,2000,4,2.000544856107058,0.8275448999172307,0.9355950355529784,,fixed
ridge,scaling_n,10000,2000,0,1.9264173813741916,0.8482304167198975,1.0297179222106934,,fixed
ridge,scaling_n,10000,2000,1,1.9526462540816325,0.8298701581075746,1.027127027511597,,fixed
ridge,scaling_n,10000,2000,2,1.8757348052033072,0.8288367068064807,1.0304529666900637,,fixed
ridge,scaling_n,10000,2000,3,2.125810187365196,0.7990899682175093,1.0317533016204834,,fixed
ridge,scaling_n,10000,2000,4,1.909012994960108,0.842964723051398,1.0297210216522217,,fixed
tabicl,fixed_n,10,2000,0,1.139067914586689,0.9469380503659496,1.6458680629730225,,fixed
tabicl,fixed_n,10,2000,1,1.1755466551772595,0.9383386408358696,0.6806919574737549,,fixed
tabicl,fixed_n,10,2000,2,1.1454634331069775,0.936169210073554,0.7170379161834717,,fixed
tabicl,fixed_n,10,2000,3,1.2002255243311308,0.9359560114582184,0.6977369785308838,,fixed
tabicl,fixed_n,10,2000,4,1.295134284189891,0.9277215126073148,0.6863498687744141,,fixed
tabicl,fixed_n,20,2000,0,1.224316653496968,0.9386984466627176,0.8299601078033447,,fixed
tabicl,fixed_n,20,2000,1,1.232454013518363,0.9322241769770132,0.816277027130127,,fixed
tabicl,fixed_n,20,2000,2,1.1789446195168127,0.9323832069331288,0.8123960494995117,,fixed
tabicl,fixed_n,20,2000,3,1.386464721778545,0.9145385412547068,0.819627046585083,,fixed
tabicl,fixed_n,20,2000,4,1.3107316929316994,0.9259701180960744,0.8374741077423096,,fixed
tabicl,fixed_n,50,2000,0,1.2422242302833295,0.9368920667049196,1.225653886795044,,fixed
tabicl,fixed_n,50,2000,1,1.2862347305648172,0.9261800379866584,1.2117760181427002,,fixed
tabicl,fixed_n,50,2000,2,1.2904966507861515,0.918981999039544,1.2053298950195312,,fixed
tabicl,fixed_n,50,2000,3,1.361495056865251,0.9175890743460068,1.2208411693572998,,fixed
tabicl,fixed_n,50,2000,4,1.5255739193349125,0.899712693682165,1.2031519412994385,,fixed
tabicl,fixed_n,100,2000,0,1.4600431385237955,0.912820305893972,1.9793369770050049,,fixed
tabicl,fixed_n,100,2000,1,1.481751925265266,0.9020319748556352,1.892784833908081,,fixed
tabicl,fixed_n,100,2000,2,1.3907487860457015,0.9059053050312834,1.904024124145508,,fixed
tabicl,fixed_n,100,2000,3,1.47362365777189,0.9034558807984768,1.9084701538085935,,fixed
tabicl,fixed_n,100,2000,4,1.5400242273225722,0.8978038437636487,1.88615083694458,,fixed
tabicl,fixed_n,200,2000,0,1.4197868086130885,0.9175614699986412,3.593641996383667,,fixed
tabicl,fixed_n,200,2000,1,1.549470902707362,0.8928726891174955,3.4235188961029053,,fixed
tabicl,fixed_n,200,2000,2,1.441035114224625,0.8989777849509518,3.416516065597534,,fixed
tabicl,fixed_n,200,2000,3,1.5034808070016077,0.8995040797941134,3.3936309814453125,,fixed
tabicl,fixed_n,200,2000,4,1.5841530947461302,0.8918631397854105,3.4310550689697266,,fixed
tabicl,fixed_n,500,2000,0,1.4233449468014387,0.9171477526217215,16.93918228149414,,fixed
tabicl,fixed_n,500,2000,1,1.5273397375029396,0.8959110433254066,9.891757011413574,,fixed
tabicl,fixed_n,500,2000,2,1.4802891111468115,0.8933991055489456,9.241030931472778,,fixed
tabicl,fixed_n,500,2000,3,1.4690481797618191,0.9040544728694296,9.355454921722412,,fixed
tabicl,fixed_n,500,2000,4,1.6486250034135663,0.8828821153499191,9.327961206436155,,fixed
tabicl,fixed_n,1000,2000,0,1.373137302736131,0.9228897881540236,47.54963302612305,,fixed
tabicl,fixed_n,1000,2000,1,1.5844518547970057,0.8879810628670424,30.151899337768555,,fixed
tabicl,fixed_n,1000,2000,2,1.3990645076534498,0.9047766977684316,31.325618028640747,,fixed
tabicl,fixed_n,1000,2000,3,1.5309382106247136,0.8957999373960737,30.98472762107849,,fixed
tabicl,fixed_n,1000,2000,4,1.4668607038549966,0.9072834626252154,31.910426139831543,,fixed
tabicl,fixed_n,2000,2000,0,1.4131423799190213,0.918331268975753,209.17189693450928,,fixed
tabicl,fixed_n,2000,2000,1,1.478678845022783,0.9024379151508004,195.016695022583,,fixed
tabicl,fixed_n,2000,2000,2,1.3411911523956477,0.9124917257372962,235.41966819763184,,fixed
tabicl,fixed_n,2000,2000,3,1.4427773916678543,0.9074553513290464,200.21373200416565,,fixed
tabicl,fixed_n,2000,2000,4,1.4556611106155148,0.9086938534259124,198.95776987075809,,fixed
tabicl,fixed_n,5000,2000,0,1.2749896643693983,0.9335190381963534,351.8694348335266,,fixed
tabicl,fixed_n,5000,2000,1,1.329370921086843,0.921145641577792,342.0131549835205,,fixed
tabicl,fixed_n,5000,2000,2,1.2205026511599122,0.9275321771659396,334.4014971256256,,fixed
tabicl,fixed_n,5000,2000,3,1.3337763484023606,0.9209105276334508,333.00125098228455,,fixed
tabicl,fixed_n,5000,2000,4,1.3264653499356924,0.9241821831469822,334.29325914382935,,fixed
tabicl,fixed_n,10000,2000,0,1.237867857736843,0.9373339186639604,1008.4746751785278,,fixed
tabicl,fixed_n,10000,2000,1,1.2846359785937544,0.926363436023412,1032.6656248569489,,fixed
tabicl,fixed_n,10000,2000,2,1.2084707467370337,0.9289539325825054,993.136208295822,,fixed
tabicl,fixed_n,10000,2000,3,1.3339055724500195,0.9208952015904333,961.6010639667512,,fixed
tabicl,fixed_n,10000,2000,4,1.2870143073750573,0.9286249862244154,937.4062299728394,,fixed
tabicl,scaling_n,10,200,0,2.31257896595396,0.7641708455262903,2.231367826461792,,fixed
tabicl,scaling_n,10,200,1,2.121766720649226,0.815675843240239,0.3289458751678467,,fixed
tabicl,scaling_n,10,200,2,2.2151083380350265,0.7675969408138933,0.3142311573028564,,fixed
tabicl,scaling_n,10,200,3,2.273157155231848,0.7690204847608889,0.3089718818664551,,fixed
tabicl,scaling_n,10,200,4,2.097484384560252,0.8119660919292264,0.3134691715240478,,fixed
tabicl,scaling_n,20,200,0,2.6482336633882815,0.6907448396145435,0.4019539356231689,,fixed
tabicl,scaling_n,20,200,1,2.248118665133842,0.7930690498428477,0.3571350574493408,,fixed
tabicl,scaling_n,20,200,2,2.2874662231819496,0.7521657772339219,0.3542709350585937,,fixed
tabicl,scaling_n,20,200,3,2.368007024857933,0.7493426091042785,0.3544137477874756,,fixed
tabicl,scaling_n,20,200,4,2.0561226550255465,0.819308910492799,0.3541979789733886,,fixed
tabicl,scaling_n,50,200,0,2.695639431300658,0.6795738493448439,0.5762128829956055,,fixed
tabicl,scaling_n,50,200,1,2.5220586628434587,0.739566194407149,0.4803981781005859,,fixed
tabicl,scaling_n,50,200,2,2.2259850963216548,0.7653090184452257,0.4789807796478271,,fixed
tabicl,scaling_n,50,200,3,2.860997366456213,0.6341109116651787,0.5014820098876953,,fixed
tabicl,scaling_n,50,200,4,2.1877842550831965,0.7954272963172249,0.4824061393737793,,fixed
tabicl,scaling_n,100,400,0,2.204537124154158,0.7785463808884895,0.9349050521850586,,fixed
tabicl,scaling_n,100,400,1,2.0453086943348104,0.8460515451361635,0.8197619915008545,,fixed
tabicl,scaling_n,100,400,2,2.1444721757035294,0.8079050522447715,0.8387389183044434,,fixed
tabicl,scaling_n,100,400,3,2.3157355643184774,0.7706187780241116,1.1054608821868896,,fixed
tabicl,scaling_n,100,400,4,2.002062874054143,0.838473131004347,0.8216252326965332,,fixed
tabicl,scaling_n,200,800,0,1.777864926555948,0.8587313879408927,1.9833159446716309,,fixed
tabicl,scaling_n,200,800,1,1.7836041861281122,0.8748476172635701,1.8559918403625488,,fixed
tabicl,scaling_n,200,800,2,1.821991106521606,0.8682054900981397,1.8613638877868652,,fixed
tabicl,scaling_n,200,800,3,1.7935269713732571,0.8577207587157183,1.8558478355407717,,fixed
tabicl,scaling_n,200,800,4,1.7689989377760842,0.8788133057737707,1.853053331375122,,fixed
tabicl,scaling_n,500,2000,0,1.4233449468014387,0.9171477526217215,9.385843992233276,,fixed
tabicl,scaling_n,500,2000,1,1.5273397375029396,0.8959110433254066,8.959452867507935,,fixed
tabicl,scaling_n,500,2000,2,1.4802891111468115,0.8933991055489456,8.925418853759766,,fixed
tabicl,scaling_n,500,2000,3,1.4690481797618191,0.9040544728694296,8.746377944946289,,fixed
tabicl,scaling_n,500,2000,4,1.6486250034135663,0.8828821153499191,8.727912902832031,,fixed
tabicl,scaling_n,1000,2000,0,1.373137302736131,0.9228897881540236,32.16380715370178,,fixed
tabicl,scaling_n,1000,2000,1,1.5844518547970057,0.8879810628670424,28.82996082305908,,fixed
tabicl,scaling_n,1000,2000,2,1.3990645076534498,0.9047766977684316,28.337212800979614,,fixed
tabicl,scaling_n,1000,2000,3,1.5309382106247136,0.8957999373960737,28.433274269104004,,fixed
tabicl,scaling_n,1000,2000,4,1.4668607038549966,0.9072834626252154,28.831907033920288,,fixed
tabicl,scaling_n,2000,2000,0,1.4131423799190213,0.918331268975753,158.13766407966614,,fixed
tabicl,scaling_n,2000,2000,1,1.478678845022783,0.9024379151508004,172.38777494430542,,fixed
tabicl,scaling_n,2000,2000,2,1.3411911523956477,0.9124917257372962,181.07499408721924,,fixed
tabicl,scaling_n,2000,2000,3,1.4427773916678543,0.9074553513290464,182.6511390209198,,fixed
tabicl,scaling_n,2000,2000,4,1.4556611106155148,0.9086938534259124,169.35245394706726,,fixed
tabicl,scaling_n,5000,2000,0,1.2749896643693983,0.9335190381963534,322.62383794784546,,fixed
tabicl,scaling_n,5000,2000,1,1.329370921086843,0.921145641577792,338.550742149353,,fixed
tabicl,scaling_n,5000,2000,2,1.2205026511599122,0.9275321771659396,308.7160699367523,,fixed
tabicl,scaling_n,5000,2000,3,1.3337763484023606,0.9209105276334508,295.6046447753906,,fixed
tabicl,scaling_n,5000,2000,4,1.3264653499356924,0.9241821831469822,314.1601417064667,,fixed
tabicl,scaling_n,10000,2000,0,1.237867857736843,0.9373339186639604,902.1997451782228,,fixed
tabicl,scaling_n,10000,2000,1,1.2846359785937544,0.926363436023412,942.3063941001892,,fixed
tabicl,scaling_n,10000,2000,2,1.2084707467370337,0.9289539325825054,910.0832438468932,,fixed
tabicl,scaling_n,10000,2000,3,1.3339055724500195,0.9208952015904333,919.0147128105164,,fixed
tabicl,scaling_n,10000,2000,4,1.2870143073750573,0.9286249862244154,924.4841239452362,,fixed
tabpfn,fixed_n,10,2000,0,1.3238623256764868,0.9283246847156011,1.9818990230560305,,fixed
tabpfn,fixed_n,10,2000,1,1.2277238421426342,0.9327434272504056,0.4651169776916504,,fixed
tabpfn,fixed_n,10,2000,2,1.126886938440454,0.938222767360064,0.4878339767456054,,fixed
tabpfn,fixed_n,10,2000,3,1.2007799781601989,0.9358968265202378,0.4829339981079101,,fixed
tabpfn,fixed_n,10,2000,4,1.2945552007826604,0.927786132803146,0.4725759029388428,,fixed
tabpfn,fixed_n,20,2000,0,1.3412977070077017,0.9264243123446017,0.7629797458648682,,fixed
tabpfn,fixed_n,20,2000,1,1.179058348383074,0.9379696904379424,0.7433967590332031,,fixed
tabpfn,fixed_n,20,2000,2,1.1436123282026311,0.9363753485006078,0.7157909870147705,,fixed
tabpfn,fixed_n,20,2000,3,1.183369910714029,0.9377422101493348,0.7350451946258545,,fixed
tabpfn,fixed_n,20,2000,4,1.2973212939620244,0.9274772024617852,0.7358119487762451,,fixed
tabpfn,fixed_n,50,2000,0,1.3440042929236156,0.9261270780486752,1.5754718780517578,,fixed
tabpfn,fixed_n,50,2000,1,1.247030064367477,0.9306115476570612,1.554487943649292,,fixed
tabpfn,fixed_n,50,2000,2,1.1993241018796958,0.9300253262062816,1.5259180068969729,,fixed
tabpfn,fixed_n,50,2000,3,1.2509275597921203,0.9304308053329006,1.5224878787994385,,fixed
tabpfn,fixed_n,50,2000,4,1.2599894951243678,0.9315909902364616,1.5227468013763428,,fixed
tabpfn,fixed_n,100,2000,0,1.3688254479552433,0.9233733028092156,3.084019899368286,,fixed
tabpfn,fixed_n,100,2000,1,1.202594566688849,0.9354684899335298,3.029172897338867,,fixed
tabpfn,fixed_n,100,2000,2,1.245152289037418,0.9245754544241238,3.0338551998138428,,fixed
tabpfn,fixed_n,100,2000,3,1.2275483275869432,0.9330069342758868,3.044924259185791,,fixed
tabpfn,fixed_n,100,2000,4,1.3400320341706438,0.9226233690156124,3.0392608642578125,,fixed
tabpfn,fixed_n,200,2000,0,1.4664534797662123,0.9120530978615768,5.098670959472656,,fixed
tabpfn,fixed_n,200,2000,1,1.2026665868435369,0.9354607604648774,5.03955078125,,fixed
tabpfn,fixed_n,200,2000,2,1.1846791919485995,0.9317238096419752,5.047102928161621,,fixed
tabpfn,fixed_n,200,2000,3,1.2028883910162853,0.9356715152798007,5.062186002731323,,fixed
tabpfn,fixed_n,200,2000,4,1.31659929542669,0.925305832358482,5.0436930656433105,,fixed
tabpfn,fixed_n,500,2000,0,1.4833754450563537,0.9100116814812094,5.151241064071655,,fixed
tabpfn,fixed_n,500,2000,1,1.3519766152667738,0.9184410336993274,5.148059129714966,,fixed
tabpfn,fixed_n,500,2000,2,1.578005446162135,0.8788607849629122,5.142528057098389,,fixed
tabpfn,fixed_n,500,2000,3,1.5091284391566435,0.8987476617829234,5.136244058609009,,fixed
tabpfn,fixed_n,500,2000,4,1.6863542672306422,0.8774602225651331,5.195142984390259,,fixed
tabpfn,fixed_n,1000,2000,0,1.5383380440502936,0.9032195746271072,10.41933298110962,,fixed
tabpfn,fixed_n,1000,2000,1,1.4411390587747983,0.9073287265507888,10.349817991256714,,fixed
tabpfn,fixed_n,1000,2000,2,1.4026523245434632,0.9042876826691796,10.360745191574097,,fixed
tabpfn,fixed_n,1000,2000,3,1.459707349155246,0.9052707184417322,10.394304752349854,,fixed
tabpfn,fixed_n,1000,2000,4,1.4060521559229957,0.9148112360945309,10.425213098526,,fixed
tabpfn,fixed_n,2000,2000,0,1.4674157394009302,0.9119376417347004,20.80511212348938,,fixed
tabpfn,fixed_n,2000,2000,1,1.355150955433317,0.9180575953559872,21.051485061645508,,fixed
tabpfn,fixed_n,2000,2000,2,1.267189623418485,0.9218820252204258,21.151690006256104,,fixed
tabpfn,fixed_n,2000,2000,3,1.4028322833679705,0.9125088433715912,21.045719146728516,,fixed
tabpfn,fixed_n,2000,2000,4,1.4618634763167295,0.9079141106687972,20.9273419380188,,fixed
tabpfn,fixed_n,5000,2000,0,1.4078952694278215,0.9189366280505868,51.93421673774719,,fixed
tabpfn,fixed_n,5000,2000,1,1.3018492199594045,0.9243768562509632,52.40032911300659,,fixed
tabpfn,fixed_n,5000,2000,2,1.25502046900074,0.9233751957881304,51.60587477684021,,fixed
tabpfn,fixed_n,5000,2000,3,1.3434097560583458,0.9197639296983876,52.11644887924194,,fixed
tabpfn,fixed_n,5000,2000,4,1.425372751606741,0.9124539895066904,51.65452003479004,,fixed
tabpfn,fixed_n,10000,2000,0,1.4053663685626885,0.9192275830973548,103.4308271408081,,fixed
tabpfn,fixed_n,10000,2000,1,1.2973747401654747,0.9248957991888171,102.91274189949036,,fixed
tabpfn,fixed_n,10000,2000,2,1.269787243427427,0.9215614279003078,103.43729496002196,,fixed
tabpfn,fixed_n,10000,2000,3,1.3471574423414834,0.9193156390009098,103.17173504829408,,fixed
tabpfn,fixed_n,10000,2000,4,1.3902395925932922,0.916716539810109,103.05702209472656,,fixed
tabpfn,scaling_n,10,200,0,2.532619263029689,0.7171578283581426,0.2459378242492675,,fixed
tabpfn,scaling_n,10,200,1,2.334332119336506,0.7768934705021343,0.2121169567108154,,fixed
tabpfn,scaling_n,10,200,2,1.976835967289206,0.8149056487090971,0.2081804275512695,,fixed
tabpfn,scaling_n,10,200,3,1.93118504762931,0.8332897424919226,0.2081270217895507,,fixed
tabpfn,scaling_n,10,200,4,2.0129141680687535,0.8268233982074626,0.2092669010162353,,fixed
tabpfn,scaling_n,20,200,0,2.3548958583830073,0.7554612075593796,0.2995989322662353,,fixed
tabpfn,scaling_n,20,200,1,2.0479757030027037,0.8282737885041003,0.2724728584289551,,fixed
tabpfn,scaling_n,20,200,2,2.1039762580513415,0.7903313174235065,0.2694149017333984,,fixed
tabpfn,scaling_n,20,200,3,2.2757948931920216,0.7684841233182955,0.2705228328704834,,fixed
tabpfn,scaling_n,20,200,4,1.866406202926807,0.8511149681278358,0.2700908184051513,,fixed
tabpfn,scaling_n,50,200,0,2.3786674035600894,0.7504992853718397,0.4527208805084228,,fixed
tabpfn,scaling_n,50,200,1,2.514210954633554,0.7411844190412623,0.4243531227111816,,fixed
tabpfn,scaling_n,50,200,2,2.1292808068824054,0.7852576133043219,0.4161672592163086,,fixed
tabpfn,scaling_n,50,200,3,2.360944360586106,0.7508355683532612,0.4196231365203857,,fixed
tabpfn,scaling_n,50,200,4,1.855310569643145,0.8528799250677742,0.4255349636077881,,fixed
tabpfn,scaling_n,100,400,0,1.8694639005876268,0.8407490193254786,0.8968691825866699,,fixed
tabpfn,scaling_n,100,400,1,1.8555618298625125,0.8732907075427417,0.8026528358459473,,fixed
tabpfn,scaling_n,100,400,2,1.80022995052765,0.8646273043647843,0.7954800128936768,,fixed
tabpfn,scaling_n,100,400,3,1.9576643991071945,0.8360707630826958,0.79339599609375,,fixed
tabpfn,scaling_n,100,400,4,1.516742694211618,0.90729286202171,0.7982630729675293,,fixed
tabpfn,scaling_n,200,800,0,1.6909731328088875,0.8722027324237398,2.261906862258911,,fixed
tabpfn,scaling_n,200,800,1,1.4127299784750325,0.9214835819548146,2.2217369079589844,,fixed
tabpfn,scaling_n,200,800,2,1.6726603660017318,0.8889239706467658,2.219261884689331,,fixed
tabpfn,scaling_n,200,800,3,1.3952165345703091,0.9138988513490208,2.220850944519043,,fixed
tabpfn,scaling_n,200,800,4,1.6097050870903569,0.8996557647085445,2.210752010345459,,fixed
tabpfn,scaling_n,500,2000,0,1.4833754450563537,0.9100116814812094,5.155985116958618,,fixed
tabpfn,scaling_n,500,2000,1,1.3519766152667738,0.9184410336993274,5.14867901802063,,fixed
tabpfn,scaling_n,500,2000,2,1.578005446162135,0.8788607849629122,5.154595136642456,,fixed
tabpfn,scaling_n,500,2000,3,1.5091284391566435,0.8987476617829234,5.159536123275757,,fixed
tabpfn,scaling_n,500,2000,4,1.6863542672306422,0.8774602225651331,5.144690036773682,,fixed
tabpfn,scaling_n,1000,2000,0,1.5383380440502936,0.9032195746271072,10.29164981842041,,fixed
tabpfn,scaling_n,1000,2000,1,1.4411390587747983,0.9073287265507888,10.323389053344728,,fixed
tabpfn,scaling_n,1000,2000,2,1.4026523245434632,0.9042876826691796,10.353269100189207,,fixed
tabpfn,scaling_n,1000,2000,3,1.459707349155246,0.9052707184417322,10.3419930934906,,fixed
tabpfn,scaling_n,1000,2000,4,1.4060521559229957,0.9148112360945309,10.37165904045105,,fixed
tabpfn,scaling_n,2000,2000,0,1.4674157394009302,0.9119376417347004,20.867432832717896,,fixed
tabpfn,scaling_n,2000,2000,1,1.355150955433317,0.9180575953559872,20.750008821487427,,fixed
tabpfn,scaling_n,2000,2000,2,1.267189623418485,0.9218820252204258,20.824784755706787,,fixed
tabpfn,scaling_n,2000,2000,3,1.4028322833679705,0.9125088433715912,20.692436933517456,,fixed
tabpfn,scaling_n,2000,2000,4,1.4618634763167295,0.9079141106687972,20.744237184524536,,fixed
tabpfn,scaling_n,5000,2000,0,1.4078952694278215,0.9189366280505868,51.69806480407715,,fixed
tabpfn,scaling_n,5000,2000,1,1.3018492199594045,0.9243768562509632,51.55043005943298,,fixed
tabpfn,scaling_n,5000,2000,2,1.25502046900074,0.9233751957881304,51.75113081932068,,fixed
tabpfn,scaling_n,5000,2000,3,1.3434097560583458,0.9197639296983876,51.64413118362427,,fixed
tabpfn,scaling_n,5000,2000,4,1.425372751606741,0.9124539895066904,51.61763882637024,,fixed
tabpfn,scaling_n,10000,2000,0,1.4053663685626885,0.9192275830973548,104.17165613174438,,fixed
tabpfn,scaling_n,10000,2000,1,1.2973747401654747,0.9248957991888171,104.1524269580841,,fixed
tabpfn,scaling_n,10000,2000,2,1.269787243427427,0.9215614279003078,103.57709193229675,,fixed
tabpfn,scaling_n,10000,2000,3,1.3471574423414834,0.9193156390009098,106.03162288665771,,fixed
tabpfn,scaling_n,10000,2000,4,1.3902395925932922,0.916716539810109,103.63691902160645,,fixed
xgboost,fixed_n,10,2000,0,2.0912947218011695,0.8211394968179505,0.6018092632293701,,fixed
xgboost,fixed_n,10,2000,1,1.8615888569746537,0.8453674582598438,0.5917928218841553,,fixed
xgboost,fixed_n,10,2000,2,1.82010695322997,0.8388383974643415,0.5924820899963379,,fixed
xgboost,fixed_n,10,2000,3,2.0761702914861893,0.808363337334901,0.5879380702972412,,fixed
xgboost,fixed_n,10,2000,4,1.9909440862971248,0.8291961788605328,0.5853300094604492,,fixed
xgboost,fixed_n,20,2000,0,2.2051983698900597,0.8011254128660901,0.677696704864502,,fixed
xgboost,fixed_n,20,2000,1,1.8955671134535168,0.8396711475837993,0.6664731502532959,,fixed
xgboost,fixed_n,20,2000,2,1.9125122651243984,0.8220589218339882,0.6862368583679199,,fixed
xgboost,fixed_n,20,2000,3,2.1345318423064428,0.7974380215523645,0.681854248046875,,fixed
xgboost,fixed_n,20,2000,4,2.0444399767603185,0.8198939986074831,0.6717140674591064,,fixed
xgboost,fixed_n,50,2000,0,2.2284057438857716,0.7969174986453358,0.8318331241607666,,fixed
xgboost,fixed_n,50,2000,1,2.0892105399349696,0.8052408952839752,0.8186371326446533,,fixed
xgboost,fixed_n,50,2000,2,1.9677013590504169,0.8116411063785409,0.8545269966125488,,fixed
xgboost,fixed_n,50,2000,3,2.271316969257784,0.7706450352313607,0.8312029838562012,,fixed
xgboost,fixed_n,50,2000,4,2.1564483790303446,0.7996185161345105,0.8503789901733398,,fixed
xgboost,fixed_n,100,2000,0,2.3612805876569154,0.771976735478205,1.108091115951538,,fixed
xgboost,fixed_n,100,2000,1,2.145793012196989,0.7945486465970512,1.0692479610443115,,fixed
xgboost,fixed_n,100,2000,2,2.073734961880466,0.7907939406905322,1.1120450496673584,,fixed
xgboost,fixed_n,100,2000,3,2.346632415609484,0.7551823157482245,1.0749728679656982,,fixed
xgboost,fixed_n,100,2000,4,2.2245891972833127,0.7867548790839849,1.095113754272461,,fixed
xgboost,fixed_n,200,2000,0,2.5425119056494743,0.7356313483677268,1.6067750453948977,,fixed
xgboost,fixed_n,200,2000,1,2.043940627919698,0.8135896998174972,1.595491647720337,,fixed
xgboost,fixed_n,200,2000,2,2.152634168000641,0.7745718128877512,1.6744451522827148,,fixed
xgboost,fixed_n,200,2000,3,2.467739000303881,0.7292608232736525,1.6121389865875244,,fixed
xgboost,fixed_n,200,2000,4,2.2421140500764647,0.7833818434104158,1.6564247608184814,,fixed
xgboost,fixed_n,500,2000,0,2.332266695862423,0.7775459141329268,3.11837387084961,,fixed
xgboost,fixed_n,500,2000,1,2.2494471511939182,0.774220273996914,3.0278327465057373,,fixed
xgboost,fixed_n,500,2000,2,2.1677150879953135,0.771402139948249,3.100371837615967,,fixed
xgboost,fixed_n,500,2000,3,2.320503536732857,0.7606038709246091,3.0614099502563477,,fixed
xgboost,fixed_n,500,2000,4,2.2393328235545455,0.7839189173379424,3.135862112045288,,fixed
xgboost,fixed_n,1000,2000,0,2.2304725941552292,0.7965406051831678,5.402214765548706,,fixed
xgboost,fixed_n,1000,2000,1,2.14179369563787,0.7953137709942915,5.376441240310669,,fixed
xgboost,fixed_n,1000,2000,2,2.142515613605359,0.7766861028289982,5.402475833892822,,fixed
xgboost,fixed_n,1000,2000,3,2.3190761892642793,0.7608982866518073,5.399276971817017,,fixed
xgboost,fixed_n,1000,2000,4,2.2624705845634723,0.7794305611765338,5.371222019195557,,fixed
xgboost,fixed_n,2000,2000,0,2.2034358121566457,0.8014431963928518,9.35889482498169,,fixed
xgboost,fixed_n,2000,2000,1,2.18298670905027,0.7873646157803367,9.25777506828308,,fixed
xgboost,fixed_n,2000,2000,2,2.1074088594096083,0.7839444819781156,9.51547122001648,,fixed
xgboost,fixed_n,2000,2000,3,2.2078529384196144,0.7832830204631964,9.363723039627075,,fixed
xgboost,fixed_n,2000,2000,4,2.2116484528311675,0.7892286160545012,9.08890700340271,,fixed
xgboost,fixed_n,5000,2000,0,2.3420436568115734,0.7756769309646449,20.605074167251587,,fixed
xgboost,fixed_n,5000,2000,1,2.0288450263425992,0.8163330126328592,19.939652919769287,,fixed
xgboost,fixed_n,5000,2000,2,2.1754156444478534,0.769775120399969,20.096537113189697,,fixed
xgboost,fixed_n,5000,2000,3,2.4372685792470428,0.7359054531232175,19.96310806274414,,fixed
xgboost,fixed_n,5000,2000,4,2.202056109523222,0.7910529629782767,20.864922046661377,,fixed
xgboost,fixed_n,10000,2000,0,2.2616116173297542,0.7908200676494921,38.13570284843445,,fixed
xgboost,fixed_n,10000,2000,1,2.1151568046195792,0.8003733628781438,36.71342420578003,,fixed
xgboost,fixed_n,10000,2000,2,2.082293649694036,0.7890635129297523,37.65161490440369,,fixed
xgboost,fixed_n,10000,2000,3,2.2507035310978867,0.7747891866576392,36.84169101715088,,fixed
xgboost,fixed_n,10000,2000,4,2.14435536380653,0.8018596287481713,36.81030297279358,,fixed
xgboost,scaling_n,10,200,0,3.2750887520857543,0.5270115905719355,0.2778899669647217,,fixed
xgboost,scaling_n,10,200,1,3.2032026405160425,0.5798969672730966,0.2689599990844726,,fixed
xgboost,scaling_n,10,200,2,3.365532357269054,0.4635127099826525,0.2836437225341797,,fixed
xgboost,scaling_n,10,200,3,3.3598051529797663,0.4954052523485042,0.2729830741882324,,fixed
xgboost,scaling_n,10,200,4,3.327131663757735,0.5268719736428432,0.2668507099151611,,fixed
xgboost,scaling_n,20,200,0,3.4013840395571857,0.4898290910728977,0.2626221179962158,,fixed
xgboost,scaling_n,20,200,1,3.4137207168827497,0.5228631438936173,0.2656228542327881,,fixed
xgboost,scaling_n,20,200,2,3.2826760357159377,0.4896031960277746,0.2710919380187988,,fixed
xgboost,scaling_n,20,200,3,3.38535423401313,0.4877018595699217,0.2654519081115722,,fixed
xgboost,scaling_n,20,200,4,3.225472749463707,0.5553426718048653,0.2570369243621826,,fixed
xgboost,scaling_n,50,200,0,3.738739061685476,0.3836113085111885,0.2812459468841553,,fixed
xgboost,scaling_n,50,200,1,3.360814683459443,0.5375379275580086,0.2655577659606933,,fixed
xgboost,scaling_n,50,200,2,3.223525256366438,0.5078312314335531,0.2705411911010742,,fixed
xgboost,scaling_n,50,200,3,3.7741544106521943,0.3632721139411617,0.2775642871856689,,fixed
xgboost,scaling_n,50,200,4,3.3694680819143494,0.5147546375461713,0.2798340320587158,,fixed
xgboost,scaling_n,100,400,0,3.1976060385678595,0.5340944761253078,0.4342660903930664,,fixed
xgboost,scaling_n,100,400,1,3.501892852738047,0.5487020995002811,0.4320800304412842,,fixed
xgboost,scaling_n,100,400,2,3.2779228828999547,0.5511796134303222,0.4263169765472412,,fixed
xgboost,scaling_n,100,400,3,3.2153310556816437,0.5577871874505623,0.4352960586547851,,fixed
xgboost,scaling_n,100,400,4,2.8204055954817946,0.6794376703122411,0.4436991214752197,,fixed
xgboost,scaling_n,200,800,0,2.9387764075573446,0.6140053875492126,0.8727757930755615,,fixed
xgboost,scaling_n,200,800,1,2.8051446458436526,0.6904344122793802,0.8458700180053711,,fixed
xgboost,scaling_n,200,800,2,2.608004591771101,0.7299640925986847,0.886833906173706,,fixed
xgboost,scaling_n,200,800,3,2.627173404590692,0.6947165967367321,0.8426029682159424,,fixed
xgboost,scaling_n,200,800,4,2.723889122897204,0.7126715398185601,0.8729360103607178,,fixed
xgboost,scaling_n,500,2000,0,2.332266695862423,0.7775459141329268,3.1313278675079346,,fixed
xgboost,scaling_n,500,2000,1,2.2494471511939182,0.774220273996914,3.1217517852783203,,fixed
xgboost,scaling_n,500,2000,2,2.1677150879953135,0.771402139948249,3.092411994934082,,fixed
xgboost,scaling_n,500,2000,3,2.320503536732857,0.7606038709246091,3.1048929691314697,,fixed
xgboost,scaling_n,500,2000,4,2.2393328235545455,0.7839189173379424,3.094957113265991,,fixed
xgboost,scaling_n,1000,2000,0,2.2304725941552292,0.7965406051831678,5.391103982925415,,fixed
xgboost,scaling_n,1000,2000,1,2.14179369563787,0.7953137709942915,5.386048793792725,,fixed
xgboost,scaling_n,1000,2000,2,2.142515613605359,0.7766861028289982,5.481105327606201,,fixed
xgboost,scaling_n,1000,2000,3,2.3190761892642793,0.7608982866518073,5.4323039054870605,,fixed
xgboost,scaling_n,1000,2000,4,2.2624705845634723,0.7794305611765338,5.424949884414673,,fixed
xgboost,scaling_n,2000,2000,0,2.2034358121566457,0.8014431963928518,9.65430784225464,,fixed
xgboost,scaling_n,2000,2000,1,2.18298670905027,0.7873646157803367,9.375876665115356,,fixed
xgboost,scaling_n,2000,2000,2,2.1074088594096083,0.7839444819781156,9.614797830581663,,fixed
xgboost,scaling_n,2000,2000,3,2.2078529384196144,0.7832830204631964,9.31857204437256,,fixed
xgboost,scaling_n,2000,2000,4,2.2116484528311675,0.7892286160545012,9.091696739196776,,fixed
xgboost,scaling_n,5000,2000,0,2.3420436568115734,0.7756769309646449,20.597432851791385,,fixed
xgboost,scaling_n,5000,2000,1,2.0288450263425992,0.8163330126328592,19.955638885498047,,fixed
xgboost,scaling_n,5000,2000,2,2.1754156444478534,0.769775120399969,20.616143941879272,,fixed
xgboost,scaling_n,5000,2000,3,2.4372685792470428,0.7359054531232175,20.773441076278687,,fixed
xgboost,scaling_n,5000,2000,4,2.202056109523222,0.7910529629782767,20.5378680229187,,fixed
xgboost,scaling_n,10000,2000,0,2.2616116173297542,0.7908200676494921,37.8734610080719,,fixed
xgboost,scaling_n,10000,2000,1,2.1151568046195792,0.8003733628781438,36.40379500389099,,fixed
xgboost,scaling_n,10000,2000,2,2.082293649694036,0.7890635129297523,37.672106981277466,,fixed
xgboost,scaling_n,10000,2000,3,2.2507035310978867,0.7747891866576392,36.83075976371765,,fixed
xgboost,scaling_n,10000,2000,4,2.14435536380653,0.8018596287481713,36.99072480201721,,fixed
